state_size,epsilon_decay,id,file,gamma,learning_rate,epsilon,max,epsilon_min,mean,action_size,std,min
4,0.995,1,./saves/DQNAgent_model-1.h5,0.9,0.001,0.6088145090359074,500.0,0.01,500.0,2,0.0,500.0
4,0.995,3,./saves/DQNAgent_model-3.h5,0.99,0.001,0.6088145090359074,11.0,0.01,9.78,2,0.922821759605,8.0
4,0.995,2,./saves/DQNAgent_model-2.h5,0.95,0.001,0.6088145090359074,242.0,0.01,172.61,2,20.228640587,144.0
